run_id,sequence_id,affinity_pred_value
run_1,e2pico_scfv_4mut,-0.050456553697586
run_1,e2pico_scfv_R3_1,0.2353343516588211
run_1,e2pico_scfv_R3_2,-0.0040713399648666
run_1,e2pico_scfv_R3_3,-0.0204004347324371
run_1,e2pico_scfv_R3_4,-0.0220951735973358
run_1,e2pico_scfv_R4_1,-0.0171232223510742
run_1,e2pico_scfv_R4_2,-0.0760425478219986
run_1,e2pico_scfv_R4_3,-0.0388116836547851
run_1,e2pico_scfv_R4_4,0.1140537410974502
run_1,e2pico_scfv_R4_5,0.0986608266830444
run_1,e2pico_scfv_R4_6,0.1719219982624054
run_1,e2pico_scfv_R5_1,-0.1008931100368499
run_1,e2pico_scfv_R5_2,0.2226137965917587
run_1,e2pico_scfv_H99L,0.1213655173778534
run_1,e2pico_scfv_H99N,0.2270073294639587
run_1,e2pico_scfv_H99P,0.0113415271043777
run_1,e2pico_scfv_H99S,0.1876644194126129
run_1,e2pico_scfv_H99T,0.1351434886455536
run_1,L100gA_M3rd,-0.0493975579738616
run_1,L100gC_M3rd,-0.0093248188495635
