run_id,sequence_id,estradiol_affinity_pred_value_ensemble
run_1,e2pico_scfv_4mut,-0.135504782
run_1,e2pico_scfv_E4_4,0.038535066
run_1,e2pico_scfv_H99L,-0.041529968
run_1,e2pico_scfv_H99N,0.011070006
run_1,e2pico_scfv_H99P,-0.064577512
run_1,e2pico_scfv_H99S,0.057807088
run_1,e2pico_scfv_H99T,-0.076671973
run_1,e2pico_scfv_m1_e7,-0.075531192
run_1,e2pico_scfv_m1P,-0.051316101
run_1,e2pico_scfv_m1Q,-0.561395586
run_1,e2pico_scfv_m2,-0.469404489
run_1,e2pico_scfv_m2_c4,0.107549258
run_1,e2pico_scfv_m3,-0.511457801
run_1,e2pico_scfv_m3_b12,0.107837938
run_1,e2pico_scfv_m4,-0.608666122
run_1,e2pico_scfv_m5,-0.149000376
run_1,e2pico_scfv_m6,-0.118371449
run_1,e2pico_scfv_m7,-0.050902426
run_1,e2pico_scfv_R3_1,0.177844867
run_1,e2pico_scfv_R3_2,-0.165491551
