cutoff,total_n,retained_n,rejected_n,total_eliminated_pct,poor_total,poor_retained_n,poor_rejected_n,poor_eliminated_pct,intermediate_total,intermediate_retained_n,intermediate_rejected_n,strong_total,strong_retained_n,strong_rejected_n,strong_retained_pct,rejected_pool_poor_pct,retained_pool_strong_pct
-12.55346,11,0,11,100.0,4,0,4,100.0,4,0,4,3,0,3,0.0,36.36363636363637,
-12.481361666666666,11,1,10,90.9090909090909,4,0,4,100.0,4,0,4,3,1,2,33.333333333333336,40.0,100.0
-12.409263333333334,11,1,10,90.9090909090909,4,0,4,100.0,4,0,4,3,1,2,33.333333333333336,40.0,100.0
-12.337164999999999,11,1,10,90.9090909090909,4,0,4,100.0,4,0,4,3,1,2,33.333333333333336,40.0,100.0
-12.265066666666666,11,3,8,72.72727272727273,4,1,3,75.0,4,1,3,3,1,2,33.333333333333336,37.5,33.333333333333336
-12.192968333333333,11,5,6,54.54545454545455,4,2,2,50.0,4,1,3,3,2,1,66.66666666666667,33.333333333333336,40.0
-12.12087,11,6,5,45.45454545454545,4,3,1,25.0,4,1,3,3,2,1,66.66666666666667,20.0,33.333333333333336
-12.048771666666667,11,6,5,45.45454545454545,4,3,1,25.0,4,1,3,3,2,1,66.66666666666667,20.0,33.333333333333336
-11.976673333333332,11,6,5,45.45454545454545,4,3,1,25.0,4,1,3,3,2,1,66.66666666666667,20.0,33.333333333333336
-11.904575,11,7,4,36.36363636363637,4,3,1,25.0,4,2,2,3,2,1,66.66666666666667,25.0,28.571428571428573
-11.832476666666667,11,7,4,36.36363636363637,4,3,1,25.0,4,2,2,3,2,1,66.66666666666667,25.0,28.571428571428573
-11.760378333333334,11,8,3,27.272727272727273,4,3,1,25.0,4,2,2,3,3,0,100.0,33.333333333333336,37.5
-11.688279999999999,11,8,3,27.272727272727273,4,3,1,25.0,4,2,2,3,3,0,100.0,33.333333333333336,37.5
-11.616181666666666,11,9,2,18.181818181818183,4,3,1,25.0,4,3,1,3,3,0,100.0,50.0,33.333333333333336
-11.544083333333333,11,9,2,18.181818181818183,4,3,1,25.0,4,3,1,3,3,0,100.0,50.0,33.333333333333336
-11.471985,11,9,2,18.181818181818183,4,3,1,25.0,4,3,1,3,3,0,100.0,50.0,33.333333333333336
-11.399886666666667,11,10,1,9.090909090909092,4,4,0,0.0,4,3,1,3,3,0,100.0,0.0,30.0
-11.327788333333332,11,10,1,9.090909090909092,4,4,0,0.0,4,3,1,3,3,0,100.0,0.0,30.0
-11.25569,11,10,1,9.090909090909092,4,4,0,0.0,4,3,1,3,3,0,100.0,0.0,30.0
-11.183591666666667,11,10,1,9.090909090909092,4,4,0,0.0,4,3,1,3,3,0,100.0,0.0,30.0
-11.111493333333334,11,10,1,9.090909090909092,4,4,0,0.0,4,3,1,3,3,0,100.0,0.0,30.0
-11.039395,11,10,1,9.090909090909092,4,4,0,0.0,4,3,1,3,3,0,100.0,0.0,30.0
-10.967296666666666,11,10,1,9.090909090909092,4,4,0,0.0,4,3,1,3,3,0,100.0,0.0,30.0
-10.895198333333333,11,10,1,9.090909090909092,4,4,0,0.0,4,3,1,3,3,0,100.0,0.0,30.0
-10.8231,11,11,0,0.0,4,4,0,0.0,4,4,0,3,3,0,100.0,,27.272727272727273
