receptor_id,minimizedAffinity,CNNscore,CNNaffinity,Ka (10^9)
e2pico_scfv_4mut,-11.7641,0.876301527,7.813342571,14.6
e2pico_scfv_E4_4,-12.23536,0.799998403,7.140579224,0.086
e2pico_scfv_H99L,-12.28425,0.723543525,6.858209133,0.35
e2pico_scfv_H99N,-11.44415,0.815408588,7.247529507,0.061
e2pico_scfv_H99P,-12.16331,0.807068229,7.335708141,0.59
e2pico_scfv_m1Q,-11.64278,0.819445491,7.236700058,1.5
e2pico_scfv_m2,-11.96843,0.788859725,7.345497131,5.6
e2pico_scfv_m3,-10.8431,0.836212277,7.373403549,3
e2pico_scfv_m3_b12,-12.33053,0.814087987,7.540567875,4.8
e2pico_scfv_m4,-12.53346,0.849025965,7.180269241,7.7
e2pico_scfv_m6,-12.2454,0.956303597,7.832976818,21
