sequence_id,estradiol_affinity_pred_value_ensemble_mean,affinity_pred_value_mean
e2pico_scfv_4mut,-0.10887,0.000731
e2pico_scfv_E4_4,-0.09515,0.058036
e2pico_scfv_H99L,-0.05233,0.091171
e2pico_scfv_H99N,0.004301,0.174878
e2pico_scfv_H99P,-0.06597,0.070827
e2pico_scfv_H99S,-0.06676,0.1048
e2pico_scfv_H99T,-0.09526,0.129816
e2pico_scfv_m1_e7,-0.08634,0.096479
e2pico_scfv_m1P,-0.06822,0.064943
e2pico_scfv_m1Q,-0.4735,-0.04613
e2pico_scfv_m2,-0.44867,-0.04757
e2pico_scfv_m2_c4,0.140062,0.24611
e2pico_scfv_m3,-0.47925,-0.07561
e2pico_scfv_m3_b12,0.112012,0.221983
e2pico_scfv_m4,-0.53611,-0.12693
e2pico_scfv_m5,-0.14344,-0.06958
e2pico_scfv_m6,-0.16525,-0.04013
e2pico_scfv_m7,-0.15028,-0.08499
e2pico_scfv_R3_1,0.234055,0.235127
e2pico_scfv_R3_2,-0.05014,-0.02578
