,1,2,3,4,5,6,7,8,9,10,11,12
A,0.0,0.1,0.05,0.15,0.0,0.0,0.0,0.0,0.0,0.0,0.5,0.1
C,0.0,0.0,0.0,0.0,0.0,0.0,0.0,0.0,0.0,0.0,0.0,0.0
D,0.0,0.0,0.15,0.15,0.2,0.1,0.0,0.0,0.05,0.0,0.0,0.0
E,0.0,0.0,0.0,0.0,0.0,0.0,0.0,0.0,0.0,0.0,0.0,0.0
F,0.0,0.0,0.0,0.0,0.0,0.0,0.0,0.0,0.0,0.0,0.0,0.0
G,0.8,0.1,0.15,0.15,0.0,0.25,0.55,0.25,0.35,0.8,0.2,0.85
H,0.0,0.0,0.0,0.0,0.0,0.05,0.0,0.0,0.0,0.0,0.0,0.0
I,0.05,0.0,0.0,0.0,0.05,0.0,0.1,0.1,0.0,0.0,0.15,0.0
K,0.05,0.1,0.0,0.05,0.0,0.0,0.05,0.05,0.05,0.05,0.0,0.0
L,0.0,0.05,0.0,0.05,0.1,0.05,0.0,0.05,0.0,0.0,0.0,0.05
M,0.0,0.0,0.0,0.0,0.0,0.0,0.0,0.0,0.0,0.0,0.0,0.0
N,0.05,0.0,0.25,0.0,0.1,0.0,0.1,0.0,0.0,0.0,0.0,0.0
P,0.0,0.15,0.0,0.1,0.2,0.0,0.0,0.0,0.1,0.0,0.0,0.0
Q,0.0,0.0,0.0,0.0,0.0,0.0,0.0,0.0,0.0,0.0,0.0,0.0
R,0.0,0.0,0.0,0.0,0.05,0.0,0.0,0.1,0.15,0.05,0.0,0.0
S,0.0,0.2,0.4,0.25,0.3,0.3,0.2,0.1,0.2,0.0,0.0,0.0
T,0.0,0.05,0.0,0.0,0.0,0.15,0.0,0.1,0.0,0.0,0.0,0.0
V,0.05,0.15,0.0,0.1,0.0,0.05,0.0,0.05,0.0,0.05,0.1,0.0
W,0.0,0.0,0.0,0.0,0.0,0.0,0.0,0.0,0.0,0.0,0.0,0.0
Y,0.0,0.1,0.0,0.0,0.0,0.05,0.0,0.2,0.1,0.05,0.05,0.0
