Position,Top_Full variable,top_a_freq,Top_Conserved,top_b_freq,Max_abs_diff,Mean_abs_diff,Total_variation,JS_divergence,Spearman_rho,Spearman_p_value,Entropy_a_bits,Entropy_b_bits
1,D,0.35,G,0.8,0.7000000000000001,0.085,0.8500000000000001,0.7235337493509594,0.02395016710749551,0.9201652317717194,2.5016094970590275,1.1219280948873622
2,G,0.45,S,0.2,0.35,0.05500000000000001,0.55,0.3216484183383432,0.648839513304716,0.001968187013433239,2.295461844238322,3.046439344671015
3,S,0.35,S,0.4,0.2,0.04,0.4,0.2566851617287269,0.5492111750959313,0.012138047275651449,2.55887184844536,2.065957320949175
4,S,0.2,S,0.25,0.1,0.034999999999999996,0.35,0.22201461303090622,0.6040344815301291,0.004795103206945375,3.2841837197791888,2.8282129458410012
5,S,0.5,S,0.3,0.2,0.06000000000000001,0.6000000000000001,0.4377443751081735,0.18327712604824037,0.4392558253462658,2.3232196723355076,2.5464393446710156
6,N,0.55,S,0.3,0.55,0.07000000000000002,0.7000000000000002,0.5377443751081734,0.39930182142718174,0.08113317144435239,2.0814963295286755,2.6282129458410015
7,P,0.5,G,0.55,0.5,0.065,0.65,0.4796431591098022,0.3982892566105426,0.08197880540606545,2.1609640474436813,1.8192407046368488
8,S,0.55,G,0.25,0.45000000000000007,0.07000000000000002,0.7000000000000002,0.4518432122062213,0.47729339449572594,0.03332940104631963,2.019240704636849,2.941446071165522
9,T,0.35,G,0.35,0.35,0.05499999999999999,0.5499999999999999,0.4214374233733002,0.4557954512096111,0.043412338388324506,2.639353872167201,2.5016094970590275
10,V,0.35,G,0.8,0.8,0.085,0.8500000000000001,0.7535427362519072,0.25639159506350556,0.2752038748502245,2.8016094970590277,1.1219280948873622
11,T,0.55,A,0.5,0.55,0.075,0.75,0.690886800584993,0.3176642624992688,0.17230742503076218,1.9437519544205017,1.9232196723355077
12,G,0.45,G,0.85,0.39999999999999997,0.045,0.44999999999999996,0.273750191757371,0.45505360947584506,0.043798031121069225,2.1577174691301484,0.747584679824574
