id,With MSA,Without MSA,rank_a,rank_b,rank_change,absolute_rank_change,score_difference
e2pico_scfv_R3_2,-0.05014,-0.02578,16.0,8.0,-8.0,8.0,0.024359999999999996
e2pico_scfv_H99T,-0.09526,0.129816,9.0,16.0,7.0,7.0,0.225076
e2pico_scfv_m7,-0.15028,-0.08499,6.0,2.0,-4.0,4.0,0.06529
e2pico_scfv_m1_e7,-0.08634,0.096479,11.0,14.0,3.0,3.0,0.182819
e2pico_scfv_m1Q,-0.4735,-0.04613,3.0,6.0,3.0,3.0,0.42736999999999997
e2pico_scfv_m5,-0.14344,-0.06958,7.0,4.0,-3.0,3.0,0.07386000000000001
e2pico_scfv_H99P,-0.06597,0.070827,14.0,12.0,-2.0,2.0,0.136797
e2pico_scfv_H99L,-0.05233,0.091171,15.0,13.0,-2.0,2.0,0.143501
e2pico_scfv_m6,-0.16525,-0.04013,5.0,7.0,2.0,2.0,0.12512
e2pico_scfv_H99S,-0.06676,0.1048,13.0,15.0,2.0,2.0,0.17156
e2pico_scfv_4mut,-0.10887,0.000731,8.0,9.0,1.0,1.0,0.10960099999999999
e2pico_scfv_m2_c4,0.140062,0.24611,19.0,20.0,1.0,1.0,0.106048
e2pico_scfv_m3,-0.47925,-0.07561,2.0,3.0,1.0,1.0,0.40364
e2pico_scfv_R3_1,0.234055,0.235127,20.0,19.0,-1.0,1.0,0.0010719999999999896
e2pico_scfv_m1P,-0.06822,0.064943,12.0,11.0,-1.0,1.0,0.133163
e2pico_scfv_m2,-0.44867,-0.04757,4.0,5.0,1.0,1.0,0.4011
e2pico_scfv_H99N,0.004301,0.174878,17.0,17.0,0.0,0.0,0.170577
e2pico_scfv_E4_4,-0.09515,0.058036,10.0,10.0,0.0,0.0,0.153186
e2pico_scfv_m4,-0.53611,-0.12693,1.0,1.0,0.0,0.0,0.40918
e2pico_scfv_m3_b12,0.112012,0.221983,18.0,18.0,0.0,0.0,0.10997100000000001
